{
 "psnr": [
  24.734893798828125,
  23.57859230041504,
  22.209510803222656,
  20.301603317260742,
  22.655742645263672,
  23.123144149780273
 ],
 "ssim": [
  0.8721115589141846,
  0.8574604392051697,
  0.8333846926689148,
  0.7190963625907898,
  0.8006092309951782,
  0.8238034844398499
 ],
 "lpips": [
  0.16910442213217416,
  0.17463518557106628,
  0.18925673539439838,
  0.23754631588235497,
  0.22660305226842561,
  0.2224079942264195
 ],
 "lpips_alex": [
  0.1394606859733661,
  0.14859466280402808,
  0.17948886050532262,
  0.20485772328850413,
  0.2047566033571082,
  0.19757517615965167
 ],
 "psnr_all": 22.767247835795086,
 "ssim_all": 0.8177442948023478,
 "lpips_all": 0.20325895091247315,
 "lpips_alex_all": 0.1791222853479968
}