{
 "psnr": [
  23.424589157104492,
  20.309907913208008,
  21.219743728637695,
  20.647199630737305
 ],
 "ssim": [
  0.8554911017417908,
  0.8201892375946045,
  0.7660313248634338,
  0.8234525322914124
 ],
 "lpips": [
  0.18534067150903866,
  0.23625235513529994,
  0.29678491390112677,
  0.24025104556451826
 ],
 "lpips_alex": [
  0.13882451644167304,
  0.21869685483927076,
  0.2942215177145871,
  0.19131826631286564
 ],
 "psnr_all": 21.400360107421875,
 "ssim_all": 0.8162910491228104,
 "lpips_all": 0.2396572465274959,
 "lpips_alex_all": 0.21076528882709913
}