{
 "psnr": [
  25.347936630249023,
  22.97883415222168,
  22.154403686523438,
  25.051860809326172
 ],
 "ssim": [
  0.8830556273460388,
  0.8589720129966736,
  0.8047786951065063,
  0.8557608723640442
 ],
 "lpips": [
  0.15700624318560585,
  0.20354447479952464,
  0.27040376423886325,
  0.21183310295729077
 ],
 "lpips_alex": [
  0.11963283407385461,
  0.18633820971643383,
  0.27001658127163397,
  0.15981758101021543
 ],
 "psnr_all": 23.883258819580078,
 "ssim_all": 0.8506418019533157,
 "lpips_all": 0.21069689629532112,
 "lpips_alex_all": 0.18395130151803446
}