{
 "psnr": [
  24.906776428222656,
  22.87826156616211,
  22.297447204589844,
  25.007713317871094
 ],
 "ssim": [
  0.8787719011306763,
  0.8581314086914062,
  0.8034985661506653,
  0.8548794388771057
 ],
 "lpips": [
  0.16092350473627448,
  0.20525436848402023,
  0.27421535167730215,
  0.21411635573295987
 ],
 "lpips_alex": [
  0.12453505943994969,
  0.18995740069923076,
  0.2727341516451402,
  0.16271628833868923
 ],
 "psnr_all": 23.772549629211426,
 "ssim_all": 0.8488203287124634,
 "lpips_all": 0.21362739515763918,
 "lpips_alex_all": 0.18748572503075245
}