{
 "psnr": [
  26.95027732849121,
  26.18019676208496,
  27.271852493286133,
  24.811250686645508,
  25.653566360473633,
  25.444690704345703
 ],
 "ssim": [
  0.9150281548500061,
  0.8969693779945374,
  0.8975811004638672,
  0.7968970537185669,
  0.8466285467147827,
  0.8701697587966919
 ],
 "lpips": [
  0.12423852621986155,
  0.13766327744414067,
  0.1532233476017912,
  0.1920432010665536,
  0.1867563712830637,
  0.17857858492061496
 ],
 "lpips_alex": [
  0.08691486297992237,
  0.10622981884356203,
  0.12260467090333502,
  0.14708829571359924,
  0.15215094471532925,
  0.14486651701320494
 ],
 "psnr_all": 26.05197238922119,
 "ssim_all": 0.8705456654230753,
 "lpips_all": 0.16208388475600427,
 "lpips_alex_all": 0.12664251836149215
}